<?xml version="1.0"?>
<opencv_storage>
<mydogdetector type_id="opencv-haar-classifier">
  <size>
    24 24</size>
  <stages>
    <_>
      <trees>
        <_>
          <_>
            <feature>
              <rects>
                <_>
                  3 3 10 14 -1.</_>
                <_>
                  3 3 5 7 2.</_>
                <_>
                  8 10 5 7 2.</_></rects>
              <tilted>0</tilted></feature>
            <threshold>-0.0437478609383106</threshold>
            <left_val>0.7821782231330872</left_val>
            <right_val>-0.7247663140296936</right_val></_></_>
        <_>
          <_>
            <feature>
              <rects>
                <_>
                  4 3 20 12 -1.</_>
                <_>
                  4 7 20 4 3.</_></rects>
              <tilted>0</tilted></feature>
            <threshold>0.1299763023853302</threshold>
            <left_val>-0.2776440978050232</left_val>
            <right_val>0.8918101787567139</right_val></_></_>
        <_>
          <_>
            <feature>
              <rects>
                <_>
                  3 0 18 4 -1.</_>
                <_>
                  3 2 18 2 2.</_></rects>
              <tilted>0</tilted></feature>
            <threshold>-0.0172094907611609</threshold>
            <left_val>0.6818128824234009</left_val>
            <right_val>-0.4220224916934967</right_val></_></_>
        <_>
          <_>
            <feature>
              <rects>
                <_>
                  4 3 18 10 -1.</_>
                <_>
                  4 8 18 5 2.</_></rects>
              <tilted>0</tilted></feature>
            <threshold>0.0189430508762598</threshold>
            <left_val>-0.5055149197578430</left_val>
            <right_val>0.5736706256866455</right_val></_></_></trees>
      <stage_threshold>-0.8507623076438904</stage_threshold>
      <parent>-1</parent>
      <next>-1</next></_>
    <_>
      <trees>
        <_>
          <_>
            <feature>
              <rects>
                <_>
                  3 1 10 18 -1.</_>
                <_>
                  3 1 5 9 2.</_>
                <_>
                  8 10 5 9 2.</_></rects>
              <tilted>0</tilted></feature>
            <threshold>-0.0580640695989132</threshold>
            <left_val>0.8000000119209290</left_val>
            <right_val>-0.7272683978080750</right_val></_></_>
        <_>
          <_>
            <feature>
              <rects>
                <_>
                  17 1 4 16 -1.</_>
                <_>
                  17 1 2 16 2.</_></rects>
              <tilted>1</tilted></feature>
            <threshold>0.0436979606747627</threshold>
            <left_val>-0.2742516100406647</left_val>
            <right_val>0.7407212853431702</right_val></_></_>
        <_>
          <_>
            <feature>
              <rects>
                <_>
                  6 0 18 4 -1.</_>
                <_>
                  6 0 18 2 2.</_></rects>
              <tilted>1</tilted></feature>
            <threshold>0.0317842401564121</threshold>
            <left_val>-0.4392961859703064</left_val>
            <right_val>0.7449238896369934</right_val></_></_>
        <_>
          <_>
            <feature>
              <rects>
                <_>
                  16 3 2 6 -1.</_>
                <_>
                  16 5 2 2 3.</_></rects>
              <tilted>0</tilted></feature>
            <threshold>-1.2099429732188582e-003</threshold>
            <left_val>0.4177185893058777</left_val>
            <right_val>-0.2368838936090469</right_val></_></_>
        <_>
          <_>
            <feature>
              <rects>
                <_>
                  6 3 2 6 -1.</_>
                <_>
                  6 5 2 2 3.</_></rects>
              <tilted>0</tilted></feature>
            <threshold>-1.4068420277908444e-003</threshold>
            <left_val>0.5727561712265015</left_val>
            <right_val>-0.6453347206115723</right_val></_></_></trees>
      <stage_threshold>-1.1388150453567505</stage_threshold>
      <parent>0</parent>
      <next>-1</next></_>
    <_>
      <trees>
        <_>
          <_>
            <feature>
              <rects>
                <_>
                  4 2 15 5 -1.</_>
                <_>
                  9 2 5 5 3.</_></rects>
              <tilted>0</tilted></feature>
            <threshold>0.0489168502390385</threshold>
            <left_val>-0.7087379097938538</left_val>
            <right_val>0.6822388768196106</right_val></_></_>
        <_>
          <_>
            <feature>
              <rects>
                <_>
                  11 7 3 12 -1.</_>
                <_>
                  11 13 3 6 2.</_></rects>
              <tilted>0</tilted></feature>
            <threshold>-0.0357879810035229</threshold>
            <left_val>0.7723662853240967</left_val>
            <right_val>-0.4075411856174469</right_val></_></_>
        <_>
          <_>
            <feature>
              <rects>
                <_>
                  7 21 2 3 -1.</_>
                <_>
                  7 22 2 1 3.</_></rects>
              <tilted>0</tilted></feature>
            <threshold>-6.7222677171230316e-004</threshold>
            <left_val>0.6815438270568848</left_val>
            <right_val>-0.4251460134983063</right_val></_></_>
        <_>
          <_>
            <feature>
              <rects>
                <_>
                  13 12 4 8 -1.</_>
                <_>
                  14 13 2 8 2.</_></rects>
              <tilted>1</tilted></feature>
            <threshold>-5.3164018318057060e-003</threshold>
            <left_val>0.3645536005496979</left_val>
            <right_val>-0.2219862043857575</right_val></_></_>
        <_>
          <_>
            <feature>
              <rects>
                <_>
                  10 11 7 4 -1.</_>
                <_>
                  9 12 7 2 2.</_></rects>
              <tilted>1</tilted></feature>
            <threshold>-7.2579658590257168e-003</threshold>
            <left_val>0.7054790258407593</left_val>
            <right_val>-0.4335876107215881</right_val></_></_></trees>
      <stage_threshold>-1.0579320192337036</stage_threshold>
      <parent>1</parent>
      <next>-1</next></_>
    <_>
      <trees>
        <_>
          <_>
            <feature>
              <rects>
                <_>
                  5 0 14 2 -1.</_>
                <_>
                  5 0 14 1 2.</_></rects>
              <tilted>1</tilted></feature>
            <threshold>0.0132336895912886</threshold>
            <left_val>-0.4838705062866211</left_val>
            <right_val>0.6976701021194458</right_val></_></_>
        <_>
          <_>
            <feature>
              <rects>
                <_>
                  10 3 12 18 -1.</_>
                <_>
                  16 3 6 9 2.</_>
                <_>
                  10 12 6 9 2.</_></rects>
              <tilted>0</tilted></feature>
            <threshold>-0.0756932571530342</threshold>
            <left_val>0.5895634293556213</left_val>
            <right_val>-0.4993675053119659</right_val></_></_>
        <_>
          <_>
            <feature>
              <rects>
                <_>
                  0 0 21 9 -1.</_>
                <_>
                  0 3 21 3 3.</_></rects>
              <tilted>0</tilted></feature>
            <threshold>-0.0467167310416698</threshold>
            <left_val>0.5657979249954224</left_val>
            <right_val>-0.4715361893177033</right_val></_></_>
        <_>
          <_>
            <feature>
              <rects>
                <_>
                  20 18 4 6 -1.</_>
                <_>
                  20 20 4 2 3.</_></rects>
              <tilted>0</tilted></feature>
            <threshold>-0.0150598101317883</threshold>
            <left_val>-0.6468166112899780</left_val>
            <right_val>0.0416514202952385</right_val></_></_>
        <_>
          <_>
            <feature>
              <rects>
                <_>
                  0 18 4 6 -1.</_>
                <_>
                  0 20 4 2 3.</_></rects>
              <tilted>0</tilted></feature>
            <threshold>-5.8833172079175711e-004</threshold>
            <left_val>0.4538418948650360</left_val>
            <right_val>-0.5847043991088867</right_val></_></_>
        <_>
          <_>
            <feature>
              <rects>
                <_>
                  16 7 3 9 -1.</_>
                <_>
                  17 7 1 9 3.</_></rects>
              <tilted>0</tilted></feature>
            <threshold>-1.5262829838320613e-003</threshold>
            <left_val>0.3515003919601440</left_val>
            <right_val>-0.2280274033546448</right_val></_></_>
        <_>
          <_>
            <feature>
              <rects>
                <_>
                  3 13 2 8 -1.</_>
                <_>
                  3 13 1 4 2.</_>
                <_>
                  4 17 1 4 2.</_></rects>
              <tilted>0</tilted></feature>
            <threshold>-2.0748670212924480e-003</threshold>
            <left_val>0.8135855793952942</left_val>
            <right_val>-0.3016701936721802</right_val></_></_></trees>
      <stage_threshold>-0.9106628894805908</stage_threshold>
      <parent>2</parent>
      <next>-1</next></_>
    <_>
      <trees>
        <_>
          <_>
            <feature>
              <rects>
                <_>
                  3 3 16 5 -1.</_>
                <_>
                  7 3 8 5 2.</_></rects>
              <tilted>0</tilted></feature>
            <threshold>0.0417695194482803</threshold>
            <left_val>-0.6179776191711426</left_val>
            <right_val>0.4545429944992065</right_val></_></_>
        <_>
          <_>
            <feature>
              <rects>
                <_>
                  6 0 14 9 -1.</_>
                <_>
                  6 3 14 3 3.</_></rects>
              <tilted>0</tilted></feature>
            <threshold>-0.0163961797952652</threshold>
            <left_val>0.4153904914855957</left_val>
            <right_val>-0.5588930249214172</right_val></_></_>
        <_>
          <_>
            <feature>
              <rects>
                <_>
                  5 13 12 6 -1.</_>
                <_>
                  9 13 4 6 3.</_></rects>
              <tilted>0</tilted></feature>
            <threshold>-0.0568715706467628</threshold>
            <left_val>0.6845278739929199</left_val>
            <right_val>-0.3820823132991791</right_val></_></_>
        <_>
          <_>
            <feature>
              <rects>
                <_>
                  4 10 20 12 -1.</_>
                <_>
                  4 16 20 6 2.</_></rects>
              <tilted>0</tilted></feature>
            <threshold>-0.0270899198949337</threshold>
            <left_val>0.3971598148345947</left_val>
            <right_val>-0.3232601881027222</right_val></_></_>
        <_>
          <_>
            <feature>
              <rects>
                <_>
                  10 5 3 2 -1.</_>
                <_>
                  10 5 3 1 2.</_></rects>
              <tilted>1</tilted></feature>
            <threshold>-1.9412000256124884e-004</threshold>
            <left_val>-0.7606189250946045</left_val>
            <right_val>0.3068875968456268</right_val></_></_>
        <_>
          <_>
            <feature>
              <rects>
                <_>
                  8 0 10 4 -1.</_>
                <_>
                  8 2 10 2 2.</_></rects>
              <tilted>0</tilted></feature>
            <threshold>-3.7099309265613556e-003</threshold>
            <left_val>0.4298729896545410</left_val>
            <right_val>-0.5323243737220764</right_val></_></_>
        <_>
          <_>
            <feature>
              <rects>
                <_>
                  12 2 8 3 -1.</_>
                <_>
                  11 3 8 1 3.</_></rects>
              <tilted>1</tilted></feature>
            <threshold>1.5507850330322981e-003</threshold>
            <left_val>-0.5376889705657959</left_val>
            <right_val>0.4154030978679657</right_val></_></_></trees>
      <stage_threshold>-0.9718266725540161</stage_threshold>
      <parent>3</parent>
      <next>-1</next></_>
    <_>
      <trees>
        <_>
          <_>
            <feature>
              <rects>
                <_>
                  5 3 12 4 -1.</_>
                <_>
                  8 3 6 4 2.</_></rects>
              <tilted>0</tilted></feature>
            <threshold>0.0177049692720175</threshold>
            <left_val>-0.7215189933776856</left_val>
            <right_val>0.4351123869419098</right_val></_></_>
        <_>
          <_>
            <feature>
              <rects>
                <_>
                  15 0 4 8 -1.</_>
                <_>
                  15 2 4 4 2.</_></rects>
              <tilted>0</tilted></feature>
            <threshold>-4.5468918979167938e-003</threshold>
            <left_val>0.1589722037315369</left_val>
            <right_val>-0.3616125881671906</right_val></_></_>
        <_>
          <_>
            <feature>
              <rects>
                <_>
                  10 9 9 5 -1.</_>
                <_>
                  13 12 3 5 3.</_></rects>
              <tilted>1</tilted></feature>
            <threshold>-0.0818549469113350</threshold>
            <left_val>0.9142966866493225</left_val>
            <right_val>-0.3000001907348633</right_val></_></_>
        <_>
          <_>
            <feature>
              <rects>
                <_>
                  12 3 1 2 -1.</_>
                <_>
                  12 4 1 1 2.</_></rects>
              <tilted>0</tilted></feature>
            <threshold>9.1881817206740379e-004</threshold>
            <left_val>0.1455747932195664</left_val>
            <right_val>-0.4936445951461792</right_val></_></_>
        <_>
          <_>
            <feature>
              <rects>
                <_>
                  1 0 8 4 -1.</_>
                <_>
                  1 0 4 2 2.</_>
                <_>
                  5 2 4 2 2.</_></rects>
              <tilted>0</tilted></feature>
            <threshold>-5.0400071777403355e-003</threshold>
            <left_val>0.7307235002517700</left_val>
            <right_val>-0.3246504068374634</right_val></_></_>
        <_>
          <_>
            <feature>
              <rects>
                <_>
                  18 23 3 1 -1.</_>
                <_>
                  19 23 1 1 3.</_></rects>
              <tilted>0</tilted></feature>
            <threshold>-1.3305470347404480e-003</threshold>
            <left_val>-0.7650011181831360</left_val>
            <right_val>0.2331684976816177</right_val></_></_>
        <_>
          <_>
            <feature>
              <rects>
                <_>
                  4 1 6 2 -1.</_>
                <_>
                  4 2 6 1 2.</_></rects>
              <tilted>0</tilted></feature>
            <threshold>-1.9537559710443020e-003</threshold>
            <left_val>0.5487192273139954</left_val>
            <right_val>-0.4214645028114319</right_val></_></_>
        <_>
          <_>
            <feature>
              <rects>
                <_>
                  6 22 15 2 -1.</_>
                <_>
                  6 23 15 1 2.</_></rects>
              <tilted>0</tilted></feature>
            <threshold>3.6470789927989244e-003</threshold>
            <left_val>-0.2990359067916870</left_val>
            <right_val>0.4559367895126343</right_val></_></_>
        <_>
          <_>
            <feature>
              <rects>
                <_>
                  10 0 9 2 -1.</_>
                <_>
                  13 3 3 2 3.</_></rects>
              <tilted>1</tilted></feature>
            <threshold>-8.6335549131035805e-003</threshold>
            <left_val>-0.7821404933929443</left_val>
            <right_val>0.3550344109535217</right_val></_></_></trees>
      <stage_threshold>-0.9395322203636169</stage_threshold>
      <parent>4</parent>
      <next>-1</next></_>
    <_>
      <trees>
        <_>
          <_>
            <feature>
              <rects>
                <_>
                  4 2 16 7 -1.</_>
                <_>
                  8 2 8 7 2.</_></rects>
              <tilted>0</tilted></feature>
            <threshold>0.1043998971581459</threshold>
            <left_val>-0.3655166029930115</left_val>
            <right_val>0.8153796195983887</right_val></_></_>
        <_>
          <_>
            <feature>
              <rects>
                <_>
                  5 14 15 2 -1.</_>
                <_>
                  10 14 5 2 3.</_></rects>
              <tilted>0</tilted></feature>
            <threshold>-0.0287103001028299</threshold>
            <left_val>0.6247782111167908</left_val>
            <right_val>-0.2605634033679962</right_val></_></_>
        <_>
          <_>
            <feature>
              <rects>
                <_>
                  10 0 2 3 -1.</_>
                <_>
                  10 1 2 1 3.</_></rects>
              <tilted>0</tilted></feature>
            <threshold>-1.2408039765432477e-003</threshold>
            <left_val>-0.9152824878692627</left_val>
            <right_val>0.2775478065013886</right_val></_></_>
        <_>
          <_>
            <feature>
              <rects>
                <_>
                  22 18 2 2 -1.</_>
                <_>
                  23 18 1 1 2.</_>
                <_>
                  22 19 1 1 2.</_></rects>
              <tilted>0</tilted></feature>
            <threshold>1.0182060068473220e-003</threshold>
            <left_val>-0.0133391600102186</left_val>
            <right_val>-0.7091917991638184</right_val></_></_>
        <_>
          <_>
            <feature>
              <rects>
                <_>
                  0 15 1 6 -1.</_>
                <_>
                  0 17 1 2 3.</_></rects>
              <tilted>0</tilted></feature>
            <threshold>1.8555220449343324e-003</threshold>
            <left_val>0.2672587931156158</left_val>
            <right_val>-0.8401389718055725</right_val></_></_></trees>
      <stage_threshold>-0.7904651761054993</stage_threshold>
      <parent>5</parent>
      <next>-1</next></_>
    <_>
      <trees>
        <_>
          <_>
            <feature>
              <rects>
                <_>
                  7 3 9 4 -1.</_>
                <_>
                  10 6 3 4 3.</_></rects>
              <tilted>1</tilted></feature>
            <threshold>0.0629999786615372</threshold>
            <left_val>-0.4306563138961792</left_val>
            <right_val>0.8082141280174255</right_val></_></_>
        <_>
          <_>
            <feature>
              <rects>
                <_>
                  18 0 5 14 -1.</_>
                <_>
                  18 7 5 7 2.</_></rects>
              <tilted>0</tilted></feature>
            <threshold>-0.0268597304821014</threshold>
            <left_val>-0.4945971965789795</left_val>
            <right_val>0.3207469880580902</right_val></_></_>
        <_>
          <_>
            <feature>
              <rects>
                <_>
                  9 3 6 3 -1.</_>
                <_>
                  9 4 6 1 3.</_></rects>
              <tilted>0</tilted></feature>
            <threshold>-2.4917039554566145e-003</threshold>
            <left_val>-0.7902082800865173</left_val>
            <right_val>0.2803061902523041</right_val></_></_>
        <_>
          <_>
            <feature>
              <rects>
                <_>
                  10 2 14 20 -1.</_>
                <_>
                  17 2 7 10 2.</_>
                <_>
                  10 12 7 10 2.</_></rects>
              <tilted>0</tilted></feature>
            <threshold>-0.1384751051664352</threshold>
            <left_val>0.2930907905101776</left_val>
            <right_val>-0.1910406947135925</right_val></_></_>
        <_>
          <_>
            <feature>
              <rects>
                <_>
                  1 9 3 3 -1.</_>
                <_>
                  1 10 3 1 3.</_></rects>
              <tilted>0</tilted></feature>
            <threshold>-2.0310070831328630e-003</threshold>
            <left_val>-0.9313970208168030</left_val>
            <right_val>0.2464683055877686</right_val></_></_>
        <_>
          <_>
            <feature>
              <rects>
                <_>
                  10 2 12 18 -1.</_>
                <_>
                  16 2 6 9 2.</_>
                <_>
                  10 11 6 9 2.</_></rects>
              <tilted>0</tilted></feature>
            <threshold>0.0625166594982147</threshold>
            <left_val>-0.0390493609011173</left_val>
            <right_val>-0.9999970793724060</right_val></_></_></trees>
      <stage_threshold>-0.6285691261291504</stage_threshold>
      <parent>6</parent>
      <next>-1</next></_>
    <_>
      <trees>
        <_>
          <_>
            <feature>
              <rects>
                <_>
                  4 4 15 12 -1.</_>
                <_>
                  4 8 15 4 3.</_></rects>
              <tilted>0</tilted></feature>
            <threshold>0.1342727988958359</threshold>
            <left_val>-0.3116877079010010</left_val>
            <right_val>0.8571376204490662</right_val></_></_>
        <_>
          <_>
            <feature>
              <rects>
                <_>
                  10 1 6 4 -1.</_>
                <_>
                  10 2 6 2 2.</_></rects>
              <tilted>0</tilted></feature>
            <threshold>-7.6142558827996254e-003</threshold>
            <left_val>-0.7574967145919800</left_val>
            <right_val>0.2254775017499924</right_val></_></_>
        <_>
          <_>
            <feature>
              <rects>
                <_>
                  3 13 15 6 -1.</_>
                <_>
                  8 15 5 2 9.</_></rects>
              <tilted>0</tilted></feature>
            <threshold>-0.1206538975238800</threshold>
            <left_val>0.7406337261199951</left_val>
            <right_val>-0.2978951036930084</right_val></_></_>
        <_>
          <_>
            <feature>
              <rects>
                <_>
                  20 3 2 9 -1.</_>
                <_>
                  20 3 1 9 2.</_></rects>
              <tilted>0</tilted></feature>
            <threshold>-2.4802871048450470e-003</threshold>
            <left_val>0.4642887115478516</left_val>
            <right_val>-0.1491360068321228</right_val></_></_>
        <_>
          <_>
            <feature>
              <rects>
                <_>
                  2 0 17 4 -1.</_>
                <_>
                  2 2 17 2 2.</_></rects>
              <tilted>0</tilted></feature>
            <threshold>-0.0223605707287788</threshold>
            <left_val>0.4437718093395233</left_val>
            <right_val>-0.4275682866573334</right_val></_></_>
        <_>
          <_>
            <feature>
              <rects>
                <_>
                  12 1 2 4 -1.</_>
                <_>
                  12 2 2 2 2.</_></rects>
              <tilted>0</tilted></feature>
            <threshold>-1.9948079716414213e-003</threshold>
            <left_val>-0.6347572207450867</left_val>
            <right_val>0.1536920070648193</right_val></_></_>
        <_>
          <_>
            <feature>
              <rects>
                <_>
                  12 0 10 2 -1.</_>
                <_>
                  12 0 10 1 2.</_></rects>
              <tilted>1</tilted></feature>
            <threshold>-4.4253231026232243e-003</threshold>
            <left_val>0.5180810093879700</left_val>
            <right_val>-0.4102216958999634</right_val></_></_>
        <_>
          <_>
            <feature>
              <rects>
                <_>
                  11 3 3 3 -1.</_>
                <_>
                  11 4 3 1 3.</_></rects>
              <tilted>0</tilted></feature>
            <threshold>1.9679090473800898e-003</threshold>
            <left_val>0.2792715132236481</left_val>
            <right_val>-0.7122948765754700</right_val></_></_>
        <_>
          <_>
            <feature>
              <rects>
                <_>
                  2 4 3 7 -1.</_>
                <_>
                  3 4 1 7 3.</_></rects>
              <tilted>0</tilted></feature>
            <threshold>-1.7024989574565552e-005</threshold>
            <left_val>0.4144568145275116</left_val>
            <right_val>-0.5407655239105225</right_val></_></_></trees>
      <stage_threshold>-0.6352450847625732</stage_threshold>
      <parent>7</parent>
      <next>-1</next></_>
    <_>
      <trees>
        <_>
          <_>
            <feature>
              <rects>
                <_>
                  2 2 12 18 -1.</_>
                <_>
                  2 2 6 9 2.</_>
                <_>
                  8 11 6 9 2.</_></rects>
              <tilted>0</tilted></feature>
            <threshold>-0.1218722015619278</threshold>
            <left_val>0.6818181872367859</left_val>
            <right_val>-0.4918006956577301</right_val></_></_>
        <_>
          <_>
            <feature>
              <rects>
                <_>
                  8 0 12 2 -1.</_>
                <_>
                  8 1 12 1 2.</_></rects>
              <tilted>0</tilted></feature>
            <threshold>-4.4338661246001720e-004</threshold>
            <left_val>0.2643173933029175</left_val>
            <right_val>-0.4181649982929230</right_val></_></_>
        <_>
          <_>
            <feature>
              <rects>
                <_>
                  1 0 4 9 -1.</_>
                <_>
                  1 3 4 3 3.</_></rects>
              <tilted>0</tilted></feature>
            <threshold>-0.0271304808557034</threshold>
            <left_val>0.7464793920516968</left_val>
            <right_val>-0.3232761919498444</right_val></_></_>
        <_>
          <_>
            <feature>
              <rects>
                <_>
                  16 7 3 9 -1.</_>
                <_>
                  17 7 1 9 3.</_></rects>
              <tilted>0</tilted></feature>
            <threshold>-0.0116420798003674</threshold>
            <left_val>-0.7882347106933594</left_val>
            <right_val>0.0673341006040573</right_val></_></_>
        <_>
          <_>
            <feature>
              <rects>
                <_>
                  4 6 15 4 -1.</_>
                <_>
                  4 8 15 2 2.</_></rects>
              <tilted>0</tilted></feature>
            <threshold>0.0124038001522422</threshold>
            <left_val>-0.4126856923103333</left_val>
            <right_val>0.5325384736061096</right_val></_></_>
        <_>
          <_>
            <feature>
              <rects>
                <_>
                  11 19 12 5 -1.</_>
                <_>
                  15 19 4 5 3.</_></rects>
              <tilted>0</tilted></feature>
            <threshold>-0.0789627730846405</threshold>
            <left_val>0.8328226208686829</left_val>
            <right_val>-0.0290001705288887</right_val></_></_>
        <_>
          <_>
            <feature>
              <rects>
                <_>
                  0 18 8 6 -1.</_>
                <_>
                  4 18 4 6 2.</_></rects>
              <tilted>0</tilted></feature>
            <threshold>-8.6382851004600525e-003</threshold>
            <left_val>0.6127436161041260</left_val>
            <right_val>-0.2948912084102631</right_val></_></_></trees>
      <stage_threshold>-0.8327292203903198</stage_threshold>
      <parent>8</parent>
      <next>-1</next></_>
    <_>
      <trees>
        <_>
          <_>
            <feature>
              <rects>
                <_>
                  1 0 5 4 -1.</_>
                <_>
                  1 1 5 2 2.</_></rects>
              <tilted>0</tilted></feature>
            <threshold>4.1369800455868244e-003</threshold>
            <left_val>-0.3199993968009949</left_val>
            <right_val>0.7999950051307678</right_val></_></_>
        <_>
          <_>
            <feature>
              <rects>
                <_>
                  5 4 18 3 -1.</_>
                <_>
                  5 5 18 1 3.</_></rects>
              <tilted>0</tilted></feature>
            <threshold>-6.8763769231736660e-003</threshold>
            <left_val>0.7565827965736389</left_val>
            <right_val>-0.2034446001052856</right_val></_></_>
        <_>
          <_>
            <feature>
              <rects>
                <_>
                  3 3 6 3 -1.</_>
                <_>
                  3 4 6 1 3.</_></rects>
              <tilted>0</tilted></feature>
            <threshold>2.5068570394068956e-003</threshold>
            <left_val>-0.2730000019073486</left_val>
            <right_val>0.8170707821846008</right_val></_></_>
        <_>
          <_>
            <feature>
              <rects>
                <_>
                  7 7 11 12 -1.</_>
                <_>
                  7 13 11 6 2.</_></rects>
              <tilted>0</tilted></feature>
            <threshold>-0.1163432002067566</threshold>
            <left_val>0.5837441086769104</left_val>
            <right_val>-0.2844389975070953</right_val></_></_>
        <_>
          <_>
            <feature>
              <rects>
                <_>
                  6 20 1 4 -1.</_>
                <_>
                  6 21 1 2 2.</_></rects>
              <tilted>0</tilted></feature>
            <threshold>-4.7444511437788606e-004</threshold>
            <left_val>0.5663933157920837</left_val>
            <right_val>-0.3872135877609253</right_val></_></_>
        <_>
          <_>
            <feature>
              <rects>
                <_>
                  4 0 19 6 -1.</_>
                <_>
                  4 2 19 2 3.</_></rects>
              <tilted>0</tilted></feature>
            <threshold>-0.0140835298225284</threshold>
            <left_val>0.3312981128692627</left_val>
            <right_val>-0.2305676043033600</right_val></_></_>
        <_>
          <_>
            <feature>
              <rects>
                <_>
                  1 5 22 3 -1.</_>
                <_>
                  1 6 22 1 3.</_></rects>
              <tilted>0</tilted></feature>
            <threshold>-8.3520598709583282e-003</threshold>
            <left_val>0.7178866267204285</left_val>
            <right_val>-0.3050284981727600</right_val></_></_></trees>
      <stage_threshold>-1.0500860214233398</stage_threshold>
      <parent>9</parent>
      <next>-1</next></_>
    <_>
      <trees>
        <_>
          <_>
            <feature>
              <rects>
                <_>
                  0 7 16 12 -1.</_>
                <_>
                  0 13 16 6 2.</_></rects>
              <tilted>0</tilted></feature>
            <threshold>-0.1350007951259613</threshold>
            <left_val>0.6363636255264282</left_val>
            <right_val>-0.3684192895889282</right_val></_></_>
        <_>
          <_>
            <feature>
              <rects>
                <_>
                  15 21 2 2 -1.</_>
                <_>
                  15 22 2 1 2.</_></rects>
              <tilted>0</tilted></feature>
            <threshold>9.5361308194696903e-004</threshold>
            <left_val>-0.1114220991730690</left_val>
            <right_val>0.4283865094184876</right_val></_></_>
        <_>
          <_>
            <feature>
              <rects>
                <_>
                  7 21 2 2 -1.</_>
                <_>
                  7 22 2 1 2.</_></rects>
              <tilted>0</tilted></feature>
            <threshold>-1.0978550417348742e-003</threshold>
            <left_val>0.6689831018447876</left_val>
            <right_val>-0.3211097121238709</right_val></_></_>
        <_>
          <_>
            <feature>
              <rects>
                <_>
                  12 5 3 3 -1.</_>
                <_>
                  13 6 1 3 3.</_></rects>
              <tilted>1</tilted></feature>
            <threshold>3.6722889635711908e-003</threshold>
            <left_val>0.1687947958707809</left_val>
            <right_val>-0.3320454955101013</right_val></_></_>
        <_>
          <_>
            <feature>
              <rects>
                <_>
                  9 5 4 4 -1.</_>
                <_>
                  9 5 2 2 2.</_>
                <_>
                  11 7 2 2 2.</_></rects>
              <tilted>0</tilted></feature>
            <threshold>2.1138079464435577e-003</threshold>
            <left_val>0.2561546862125397</left_val>
            <right_val>-0.6440979242324829</right_val></_></_>
        <_>
          <_>
            <feature>
              <rects>
                <_>
                  10 12 4 11 -1.</_>
                <_>
                  11 12 2 11 2.</_></rects>
              <tilted>0</tilted></feature>
            <threshold>-2.0374250016175210e-004</threshold>
            <left_val>0.3126749098300934</left_val>
            <right_val>-0.5955256223678589</right_val></_></_>
        <_>
          <_>
            <feature>
              <rects>
                <_>
                  7 10 8 6 -1.</_>
                <_>
                  5 12 8 2 3.</_></rects>
              <tilted>1</tilted></feature>
            <threshold>0.0274127908051014</threshold>
            <left_val>-0.3473654985427856</left_val>
            <right_val>0.5851491093635559</right_val></_></_></trees>
      <stage_threshold>-0.7790840268135071</stage_threshold>
      <parent>10</parent>
      <next>-1</next></_>
    <_>
      <trees>
        <_>
          <_>
            <feature>
              <rects>
                <_>
                  4 4 16 3 -1.</_>
                <_>
                  8 4 8 3 2.</_></rects>
              <tilted>0</tilted></feature>
            <threshold>0.0579331517219543</threshold>
            <left_val>-0.3235288858413696</left_val>
            <right_val>0.5945909023284912</right_val></_></_>
        <_>
          <_>
            <feature>
              <rects>
                <_>
                  19 2 2 7 -1.</_>
                <_>
                  19 2 1 7 2.</_></rects>
              <tilted>0</tilted></feature>
            <threshold>-7.8969448804855347e-004</threshold>
            <left_val>0.3014343082904816</left_val>
            <right_val>-0.2321255952119827</right_val></_></_>
        <_>
          <_>
            <feature>
              <rects>
                <_>
                  4 9 11 3 -1.</_>
                <_>
                  3 10 11 1 3.</_></rects>
              <tilted>1</tilted></feature>
            <threshold>6.6482438705861568e-003</threshold>
            <left_val>-0.2823962867259979</left_val>
            <right_val>0.6081461906433106</right_val></_></_>
        <_>
          <_>
            <feature>
              <rects>
                <_>
                  17 1 5 6 -1.</_>
                <_>
                  17 3 5 2 3.</_></rects>
              <tilted>0</tilted></feature>
            <threshold>2.7841508854180574e-003</threshold>
            <left_val>-0.2272250056266785</left_val>
            <right_val>0.3953697979450226</right_val></_></_>
        <_>
          <_>
            <feature>
              <rects>
                <_>
                  3 0 4 8 -1.</_>
                <_>
                  3 2 4 4 2.</_></rects>
              <tilted>0</tilted></feature>
            <threshold>-0.0245777592062950</threshold>
            <left_val>0.6662589907646179</left_val>
            <right_val>-0.3287394940853119</right_val></_></_>
        <_>
          <_>
            <feature>
              <rects>
                <_>
                  21 10 1 4 -1.</_>
                <_>
                  21 11 1 2 2.</_></rects>
              <tilted>0</tilted></feature>
            <threshold>3.7438960862345994e-004</threshold>
            <left_val>0.1909334957599640</left_val>
            <right_val>-0.2465983927249908</right_val></_></_>
        <_>
          <_>
            <feature>
              <rects>
                <_>
                  11 6 9 6 -1.</_>
                <_>
                  14 9 3 6 3.</_></rects>
              <tilted>1</tilted></feature>
            <threshold>0.0390973798930645</threshold>
            <left_val>-0.2167194038629532</left_val>
            <right_val>0.9132249951362610</right_val></_></_>
        <_>
          <_>
            <feature>
              <rects>
                <_>
                  2 0 22 6 -1.</_>
                <_>
                  13 0 11 3 2.</_>
                <_>
                  2 3 11 3 2.</_></rects>
              <tilted>0</tilted></feature>
            <threshold>-0.0394606105983257</threshold>
            <left_val>-0.7009431123733521</left_val>
            <right_val>0.2419341951608658</right_val></_></_></trees>
      <stage_threshold>-0.6972790956497192</stage_threshold>
      <parent>11</parent>
      <next>-1</next></_>
    <_>
      <trees>
        <_>
          <_>
            <feature>
              <rects>
                <_>
                  12 9 9 2 -1.</_>
                <_>
                  12 9 9 1 2.</_></rects>
              <tilted>1</tilted></feature>
            <threshold>6.9567230530083179e-003</threshold>
            <left_val>-0.4035085141658783</left_val>
            <right_val>0.4791635870933533</right_val></_></_>
        <_>
          <_>
            <feature>
              <rects>
                <_>
                  15 9 6 14 -1.</_>
                <_>
                  15 16 6 7 2.</_></rects>
              <tilted>0</tilted></feature>
            <threshold>8.7033919990062714e-003</threshold>
            <left_val>0.1389255970716476</left_val>
            <right_val>-0.3284392952919006</right_val></_></_>
        <_>
          <_>
            <feature>
              <rects>
                <_>
                  0 0 2 1 -1.</_>
                <_>
                  1 0 1 1 2.</_></rects>
              <tilted>0</tilted></feature>
            <threshold>1.5294559489120729e-005</threshold>
            <left_val>-0.3929612040519714</left_val>
            <right_val>0.3785442113876343</right_val></_></_>
        <_>
          <_>
            <feature>
              <rects>
                <_>
                  21 8 2 2 -1.</_>
                <_>
                  21 8 1 2 2.</_></rects>
              <tilted>1</tilted></feature>
            <threshold>-4.1445358656346798e-003</threshold>
            <left_val>0.4231072962284088</left_val>
            <right_val>-0.0130723202601075</right_val></_></_>
        <_>
          <_>
            <feature>
              <rects>
                <_>
                  3 8 2 2 -1.</_>
                <_>
                  3 8 2 1 2.</_></rects>
              <tilted>1</tilted></feature>
            <threshold>-4.1114189662039280e-003</threshold>
            <left_val>-0.8295183181762695</left_val>
            <right_val>0.1990922987461090</right_val></_></_>
        <_>
          <_>
            <feature>
              <rects>
                <_>
                  15 1 4 14 -1.</_>
                <_>
                  15 1 2 14 2.</_></rects>
              <tilted>1</tilted></feature>
            <threshold>0.0284593794494867</threshold>
            <left_val>-0.3129270970821381</left_val>
            <right_val>0.2083120942115784</right_val></_></_>
        <_>
          <_>
            <feature>
              <rects>
                <_>
                  7 5 2 8 -1.</_>
                <_>
                  7 9 2 4 2.</_></rects>
              <tilted>0</tilted></feature>
            <threshold>7.2854370810091496e-003</threshold>
            <left_val>-0.3599545955657959</left_val>
            <right_val>0.5253248810768127</right_val></_></_>
        <_>
          <_>
            <feature>
              <rects>
                <_>
                  15 1 4 14 -1.</_>
                <_>
                  15 1 2 14 2.</_></rects>
              <tilted>1</tilted></feature>
            <threshold>0.0441838689148426</threshold>
            <left_val>-0.1150875017046928</left_val>
            <right_val>0.3037951886653900</right_val></_></_>
        <_>
          <_>
            <feature>
              <rects>
                <_>
                  0 17 3 6 -1.</_>
                <_>
                  0 19 3 2 3.</_></rects>
              <tilted>0</tilted></feature>
            <threshold>3.9448118768632412e-003</threshold>
            <left_val>0.2623268067836762</left_val>
            <right_val>-0.7042986750602722</right_val></_></_>
        <_>
          <_>
            <feature>
              <rects>
                <_>
                  7 2 13 4 -1.</_>
                <_>
                  7 3 13 2 2.</_></rects>
              <tilted>0</tilted></feature>
            <threshold>-2.5854411069303751e-003</threshold>
            <left_val>0.4101170897483826</left_val>
            <right_val>-0.3876115977764130</right_val></_></_>
        <_>
          <_>
            <feature>
              <rects>
                <_>
                  6 20 6 2 -1.</_>
                <_>
                  6 20 3 1 2.</_>
                <_>
                  9 21 3 1 2.</_></rects>
              <tilted>0</tilted></feature>
            <threshold>1.5997840091586113e-003</threshold>
            <left_val>-0.3123441040515900</left_val>
            <right_val>0.7518607974052429</right_val></_></_></trees>
      <stage_threshold>-0.7741631269454956</stage_threshold>
      <parent>12</parent>
      <next>-1</next></_>
    <_>
      <trees>
        <_>
          <_>
            <feature>
              <rects>
                <_>
                  5 1 16 2 -1.</_>
                <_>
                  5 1 16 1 2.</_></rects>
              <tilted>1</tilted></feature>
            <threshold>0.0186571497470140</threshold>
            <left_val>-0.3284667134284973</left_val>
            <right_val>0.6164345145225525</right_val></_></_>
        <_>
          <_>
            <feature>
              <rects>
                <_>
                  7 3 14 2 -1.</_>
                <_>
                  14 3 7 1 2.</_>
                <_>
                  7 4 7 1 2.</_></rects>
              <tilted>0</tilted></feature>
            <threshold>3.5129839088767767e-003</threshold>
            <left_val>-0.0920618772506714</left_val>
            <right_val>0.3363640010356903</right_val></_></_>
        <_>
          <_>
            <feature>
              <rects>
                <_>
                  1 2 4 18 -1.</_>
                <_>
                  1 2 2 9 2.</_>
                <_>
                  3 11 2 9 2.</_></rects>
              <tilted>0</tilted></feature>
            <threshold>0.0102527402341366</threshold>
            <left_val>-0.3472279906272888</left_val>
            <right_val>0.4732776880264282</right_val></_></_>
        <_>
          <_>
            <feature>
              <rects>
                <_>
                  17 8 4 3 -1.</_>
                <_>
                  16 9 4 1 3.</_></rects>
              <tilted>1</tilted></feature>
            <threshold>-4.3447329662740231e-003</threshold>
            <left_val>0.4946027100086212</left_val>
            <right_val>-0.0938386768102646</right_val></_></_>
        <_>
          <_>
            <feature>
              <rects>
                <_>
                  7 8 3 4 -1.</_>
                <_>
                  8 9 1 4 3.</_></rects>
              <tilted>1</tilted></feature>
            <threshold>-6.5815430134534836e-003</threshold>
            <left_val>0.8816387057304382</left_val>
            <right_val>-0.1940777003765106</right_val></_></_>
        <_>
          <_>
            <feature>
              <rects>
                <_>
                  13 12 2 7 -1.</_>
                <_>
                  13 12 1 7 2.</_></rects>
              <tilted>1</tilted></feature>
            <threshold>8.4673007950186729e-003</threshold>
            <left_val>-0.1303662061691284</left_val>
            <right_val>0.4496042132377625</right_val></_></_>
        <_>
          <_>
            <feature>
              <rects>
                <_>
                  9 7 6 7 -1.</_>
                <_>
                  11 9 2 7 3.</_></rects>
              <tilted>1</tilted></feature>
            <threshold>-0.0194398593157530</threshold>
            <left_val>0.7895597815513611</left_val>
            <right_val>-0.2172756046056747</right_val></_></_>
        <_>
          <_>
            <feature>
              <rects>
                <_>
                  13 12 2 7 -1.</_>
                <_>
                  13 12 1 7 2.</_></rects>
              <tilted>1</tilted></feature>
            <threshold>-0.0121520198881626</threshold>
            <left_val>1.</left_val>
            <right_val>4.8813098110258579e-003</right_val></_></_>
        <_>
          <_>
            <feature>
              <rects>
                <_>
                  3 3 14 2 -1.</_>
                <_>
                  3 3 7 1 2.</_>
                <_>
                  10 4 7 1 2.</_></rects>
              <tilted>0</tilted></feature>
            <threshold>2.7805729769170284e-003</threshold>
            <left_val>-0.2721466124057770</left_val>
            <right_val>0.6511880755424500</right_val></_></_>
        <_>
          <_>
            <feature>
              <rects>
                <_>
                  12 11 1 6 -1.</_>
                <_>
                  10 13 1 2 3.</_></rects>
              <tilted>1</tilted></feature>
            <threshold>-0.0134291201829910</threshold>
            <left_val>0.4421096146106720</left_val>
            <right_val>-0.0788530930876732</right_val></_></_>
        <_>
          <_>
            <feature>
              <rects>
                <_>
                  4 20 2 4 -1.</_>
                <_>
                  4 21 2 2 2.</_></rects>
              <tilted>0</tilted></feature>
            <threshold>-5.2652350859716535e-004</threshold>
            <left_val>0.5050488710403442</left_val>
            <right_val>-0.3334290087223053</right_val></_></_></trees>
      <stage_threshold>-0.9734581112861633</stage_threshold>
      <parent>13</parent>
      <next>-1</next></_></stages></mydogdetector>
</opencv_storage>
